tier,P(b1|tier),P(b2|tier),P(b3|tier),P(b4|tier),P(b5|tier),mean(gpa),sd(gpa),mean(other),mean(others)
1,0.3728813559322034,0.4745762711864407,0.13559322033898305,0.01694915254237288,0.0,0.9616101694915256,0.03216928120768403,5.067796610169491,2.759712671073723,0.2
2,0.10714285714285714,0.32142857142857145,0.3392857142857143,0.21428571428571427,0.017857142857142856,0.9422321428571426,0.04304246996606051,4.928571428571429,2.702572127417898,0.2
3,0.0,0.015384615384615385,0.4153846153846154,0.35384615384615387,0.2153846153846154,0.9044615384615386,0.04162821944121744,5.015384615384615,2.7810312143851634,0.2
4,0.0,0.016666666666666666,0.08333333333333333,0.31666666666666665,0.5833333333333334,0.8180000000000002,0.043435125986826896,5.033333333333333,2.761519273980353,0.2
5,0.0,0.0,0.05,0.13333333333333333,0.8166666666666667,0.7548333333333334,0.03988295021076204,2.05,0.7685557664227725,0.2
